;Häufigkeit
Rassismus;36
[https;35
Zeit;30
www;30
asiatisch;30
Mensch;27
de;24
Atlanta;22
werden;22
antiasiatisch;21
haben;19
sein;19
Frau;19
nicht;16
];16
Gesellschaft;15
unsichtbar;13
Polo;12
Diskriminierung;12
Marco;12
Entmenschlichung;12
kommen;11
gegen;10
Corona;10
Online;9
Us;9
Sexismu;9
com;9
Gesc;9
https;9
Org;8
weiß;7
mehr;7
heute;7
keine;7
diese;6
Deutschland;6
rassistisch;6
Usa;6
viele;6
gehen;6
Gewalt;6
vielleicht;6
sogar;6
so;6
kaum;6
ihr;6
spät;5
Berlin;5
all;5
sondern;5
Angriff;5
Anschlag;5
erst;5
immer;5
Jahrhundert;5
news;5
Prozent;5
geben;5
Spa;5
Pandemie;5
China;5
man;5
Antidiskriminierungsstelle;4
Mann;4
schaffen;4
besonders;4
wenig;4
finden;4
Opfer;4
sechs;4
offen;4
oft;4
während;4
allem;4
weil;4
selbst;4
arbeiten;4
wollen;4
groß;4
können;4
gelten;4
html];4
alles;4
beginnen;4
time;4
Tag;4
pdf];4
Arbeit;3
Leid;3
vielen;3
Ende;3
ab;3
seit;3
Philosoph;3
brechen;3
still;3
weit;3
weiblich;3
jung;3
thailändisch;3
zwischen;3
Orient;3
darstellen;3
Jahr;3
Tan;3
dafür;3
©;3
womöglich;3
anders;3
Übergriff;3
asian;3
führen;3
anderer;3
lange;3
nie;3
Soldat;3
insbesondere;3
Fall;3
Coronavirus;3
Brief;3
Haus;3
ichbinkeinvirus;3
shooting;3
Kim;3
machen;3
erklärt;3
Anti;3
weniger;3
sagen;3
bilden;3
Hamburg;3
bereits;3
schreiben;3
sprechen;3
müssen;3
Europa;3
Said;3
Aktionsplan;3
europäisch;3
Rente;3
Beispiel;3
Gruppe;3
Angst;3
wirvsvirus;3
zwar;3
alt;3
Rostock;3
Ost;3
März;3
denen;2
downloads;2
Debatte;2
Scham;2
Verfügung;2
teils;2
Chinesenviertel;2
Händler;2
statt;2
chinesisch;2
not;2
covern;2
Massaker;2
heißen;2
Ca;2
schon;2
korientation;2
Witz;2
Europäer;2
Leben;2
essen;2
Afrika;2
Machtfantasie;2
violence;2
Foucault;2
heraus;2
einmal;2
Gold;2
national;2
Uottawa;2
willig;2
zunehmen;2
Cha;2
Unterschied;2
Medium;2
ihnen;2
ganz;2
erster;2
ehemalig;2
neu;2
kolonial;2
laut;2
schwarz;2
bekannt;2
n];2
Einrichtung;2
Höhepunkt;2
Politik;2
Furcht;2
Ruhe;2
Körper;2
sexuell;2
Erotik;2
Atlantik;2
weder;2
begegnet;2
formulieren;2
Ausnahme;2
Reisebericht;2
entsprechend;2
viel;2
keiner;2
Land;2
lassen;2
Kaiserreich;2
Vietnam;2
deutsch;2
damit;2
Straße;2
sieben;2
Hund;2
überhaupt;2
französisch;2
verbreiten;2
organisiert;2
bleiben;2
ökonomisch;2
stop;2
südostasiatisch;2
De;2
etwa;2
nah;2
Fantasie;2
Erfahrung;2
Erwartung;2
System;2
erleben;2
Sinto;2
gründen;2
Chinese;2
of;2
Jung;2
Kind;2
unterschiedlich;2
Prostituierte;2
you;2
socialsciences;2
Grant;2
zusehen;2
shareddocs;2
historisch;2
Virus;2
rechts;2
Asia;2
gesellschaftlich;2
Sündenbock;2
stehen;2
Geschichte;2
Bewerbung;2
relativ;2
nytimes;2
sogenannter;2
Lichtenhagen;2
Abscheu;2
politisch;2
Sexismus;2
stellen;2
acht;2
versehen;2
amerikanisch;2
fehlen;2
Polizeisprecher;2
zwölf;2
berichten;2
versucht;2
schützen;2
Gefahr;2
gar;2
Sklaverei;2
dabei;2
Hypersexualisierung;2
Mord;2
are;2
gelb;2
gerade;2
nbcnews;2
shootings;2
Eroberung;2
Problem;2
american;2
nichts;2
luridus;2
links;2
Georgia;2
Generation;2
__blob=publicationfile&v=];2
wissen;2
s;2
Vorfall;2
Bevölkerung;2
Vorjahr;2
gut;2
the;2
Krise;2
Theorie;2
f;2
zumindest;2
ostasiatisch;2
Militär;2
drei;2
Bund;2
herrschen;2
Aufmerksamkeit;2
tun;2
sites;2
dran;2
hyun;2
nämlich;2
Diskriminierungsform;2
Seefahrer;2
Ostasien;2
öffentlich;2
Hassverbrechen;2
Jahresbericht;2
gleichzeitig;2
Bayern;2
files;2
zwei;2
Matuschik;2
Grundlage;2
April;2
rund;2
riceandshine;1
Frauenfeindlichkeit;1
Abwertung;1
ec;1
Ehrfurcht;1
europaeus;1
Michel;1
weitergeben;1
Freund;1
einbetten;1
Blassgelb;1
Body;1
fern;1
irgendwo;1
Westen;1
Mediendienst;1
Abend;1
manifestieren;1
Einstufung;1
dokum;1
dazu;1
wahrnehmen;1
These;1
Data;1
Image;1
protect;1
testen;1
Stuttgart;1
erstechen;1
Ausbeutung;1
Enkelkinder;1
Oft;1
erhoffen;1
Islam;1
Winkel;1
Diskriminierungserfahrung;1
pd;1
Wohnung;1
She;1
stopaapihate;1
Umfrage;1
Beifall;1
Annäherung;1
vertraut;1
Schule;1
analysieren;1
Jury;1
kürzlich;1
Tsingtao;1
aussehen;1
Bewegung;1
erste;1
ebenso;1
Forderung;1
Kolonialherr;1
twitter;1
neben;1
Publika;1
böswillig;1
Orientalism;1
Geograph;1
Wulf;1
Muslimfeindlichkeit;1
Politico;1
Marzahn;1
hinzu;1
Gedankenkette;1
Antisemitismus;1
Vertrag;1
Perspektive;1
rechter;1
Nomenklatur;1
Kriminalfälle;1
Köln;1
Militärführung;1
schließlich;1
Weltkrieg;1
rostock;1
Südostasien;1
Äußerung;1
Gedenkinitiativen;1
blackblogs;1
u;1
dürfen;1
hingehören;1
Massagesalons;1
Sun;1
stecken;1
There;1
entwickelt;1
Kiautschou;1
verlassen;1
Schild;1
stürmen;1
Verbindung;1
männlich;1
Nummernschildern;1
Bräche;1
manche;1
vergeblich;1
Trennungsstrich;1
Opiumhöhle;1
Sextouristen;1
gerne;1
Porträt;1
crimes;1
schicken;1
roma;1
Kontorolle;1
ehrenamtlich;1
erinnern;1
bedrohlich;1
erschwern;1
foltern;1
Mythos;1
auslaenderfeindlichkeit;1
rufen;1
protokolle];1
namens;1
testet;1
Magazine;1
Rolle;1
t;1
Menschheit;1
Lehrstühle;1
a;1
Nationalsozialismus;1
wp;1
Täter;1
arm;1
Hilferuf;1
Boat;1
Faktor;1
Großstadt;1
wichtig;1
besonderer;1
Lösung;1
df];1
koreanisch;1
Rechtsextreme;1
stufen;1
erfasst;1
nguyen;1
Naturae;1
Vermittler;1
Geld;1
oeffentlichkeit;1
herauskristallisieren;1
Maßnahme;1
Zahl;1
Einordnung;1
albus;1
zurückziehen;1
big;1
reichen;1
Linnés;1
davon;1
Sicherheitskraft;1
odds;1
ins;1
Krönung;1
article;1
wahrscheinlich;1
unglücklich;1
Kundgebung;1
Wohnheim;1
resource;1
Www;1
warnen;1
anziehen;1
and;1
ebenbürtig;1
ertragen;1
lieben;1
Schlagwort;1
Militärprostitution;1
nachvollziehbar;1
Disco;1
Schaufenster;1
Schulbüchern;1
Leiderfahrung;1
Geldquelle;1
Begründer;1
erfinden;1
Abgrenzung;1
rechtlich;1
Risikofaktor;1
massagesalons;1
Meer;1
Verschwörungstheorien;1
afrikanisch;1
höflich;1
Erkenntnis;1
extremism;1
Mangel;1
hackathon;1
fernhalten;1
einrichten;1
eher;1
migriert;1
​getty;1
People;1
Neueinschätzung;1
betrieben;1
legitimieren;1
Enkelin;1
Netzwerk;1
Csusb;1
Netz;1
fließen;1
argumentieren;1
weitaus;1
hackathons;1
Matthias;1
Massage;1
Sexarbeit;1
staatlich;1
verkehren;1
Eigenschaft;1
sehen;1
enteignen;1
Bayard];1
aufbrechen;1
geraten;1
symbolisch;1
plötzlich;1
tú;1
Vergleich;1
Überzeugung;1
Sender;1
vergangen;1
for;1
abendländisch;1
Betroffen;1
gofundme;1
pachten;1
inzwischen;1
Beschreibung;1
physisch;1
feministisch;1
Ausmaß;1
Justiz;1
Gewürz;1
koreaverband;1
D;1
Kulturgut;1
Weiblichkeit;1
lang;1
Mine;1
study;1
Gebiet;1
Hackathon;1
zuletzt;1
e;1
legen;1
unauffällig;1
Sheriff;1
Studienlage;1
wehren;1
ziehen;1
fileadmin;1
Nationalsozialist;1
Razzia;1
erklären;1
asiaticus;1
zunehmend;1
Ozean;1
zweiter;1
verstummen;1
Prostitution;1
vermeintlich;1
hinaus;1
geteilt;1
Einsicht;1
Ressentiment;1
Lust;1
konfrontiert;1
gallup;1
treffen;1
vergessen;1
fact%sheet;1
Kant;1
uneingeschränkt;1
prekär;1
Blog;1
dinh;1
adressieren;1
alltäglich;1
Wuhan;1
explizit;1
Foto;1
Projektförderung;1
zahlreich;1
Brandenburg;1
gleich;1
Kapitalismus;1
fire;1
zünden;1
Tionen;1
stark;1
hoch;1
einige;1
Wellnesscenter;1
Husten;1
Chinesin;1
Gegenreaktion;1
Glück;1
dich;1
%anti;1
tatsächlich;1
deutlich;1
Deutsche;1
Vertragsarbeiter;1
unausgesprochen;1
sinnlich;1
sachlich;1
weltweit;1
sun;1
Kontinent;1
köpfige;1
hin;1
kim];1
Pierre;1
Nazi;1
veröffentlichen;1
solche;1
Vergessen;1
blühend;1
ersparen;1
bedeutend;1
außerdem;1
Chinesenaktion;1
umgekehrt;1
motiviert;1
White;1
Kompliment;1
Überforderung;1
Textilie;1
Tote;1
Zwanzigerjahren;1
uploads;1
Silence;1
registriert;1
Aufbruch;1
verprügelt;1
ermitteln;1
hypersexualisiert;1
Son;1
Meldung;1
stopasianhate;1
Transfeindlichkeit;1
berücksichtigen;1
sichtbar;1
mitdenken;1
we;1
ernsthaft;1
Donald;1
geschlossen;1
Bundesregierung;1
nbc;1
Verflechtung;1
Appell;1
Strand;1
Zukunft;1
Alltag;1
dumm;1
Projektteam;1
Imperialismus;1
Spruch;1
entwickeln;1
ausschließlich;1
Aufregung;1
verdecken;1
Zusammenhang;1
Xiao;1
Rundfunk;1
anfeinden;1
Vu;1
diversitaet;1
Großvater;1
greifen;1
Art;1
geschlechterspezifisch;1
Baptist;1
identifizieren;1
Wegsehe;1
Taz;1
darin;1
nahe;1
Anstieg;1
Oma;1
my;1
Stützpunkt;1
einhergehen;1
venezianisch;1
Folge;1
Schrift;1
erreichen;1
Diaspora;1
normal;1
Korea;1
Dimension;1
Abneigung;1
Vorherrschaft;1
onomics;1
verhandeln;1
Bildung;1
P;1
harmlos;1
Vertragsarbeitende;1
Thema;1
investieren;1
mein;1
Bedürfnis;1
Romanschreibern;1
Rohstoff;1
Form;1
Kid;1
München;1
aufrechterhalten;1
brutal;1
Faszination;1
reifen;1
Rassenhierarchie;1
Stil;1
status;1
verharmlosen;1
tiefgläubig;1
abtun;1
wirklich;1
Teil;1
Menschenhandel;1
Tourist;1
Bild;1
hamburg;1
erfolgreich;1
mittag;1
prangern;1
empfinden;1
folgendes;1
Abgrenzungsprozeß;1
bedienen;1
zeigen;1
fünf;1
übergriffigen;1
entsprechen;1
häufig;1
Sündenpfuhl;1
überleben;1
memory;1
aufbauen;1
Krankenhaus;1
stumm;1
wohl;1
sparen;1
positiv;1
Tús;1
Philippinen;1
Anfrage;1
Veränderung;1
heiratswürdig;1
vorgetragen;1
vorgestellt;1
leben;1
Fetischisierung;1
Woche;1
favor;1
August;1
Zahn;1
Jie;1
io;1
Geschäft;1
Antiziganismus;1
Influencer;1
Begriff;1
Kreatur;1
frei;1
Bundesrepublik;1
übernachten;1
iamnotavirus;1
trotz;1
vietnamesisch;1
Nagelpflege;1
Anstrengung;1
Untersuchung;1
aufs;1
Missionar;1
durchtanzen;1
victim;1
Wald;1
trauergottesdienstes;1
Enkel;1
Drohung;1
Factsheet_anti_asiatischer_rassismus_final;1
Ratio;1
Jesuit;1
Erklärung;1
Gastgeber;1
westlich;1
verstummt;1
Independent;1
erfolgen;1
Amerikaner;1
Weise;1
funeral;1
Netzpolitik;1
Linné;1
Freude;1
bedient;1
bringen;1
official;1
anschieben;1
früh;1
Kolonialmacht;1
Kolonie;1
Halde;1
tatverdächtig;1
Asien;1
bauen;1
Tibet;1
Mainstream;1
diesmal;1
gefallen;1
Hautcremes;1
jemand;1
Jean;1
zuhören;1
erhalten;1
global;1
Umstand;1
remarks;1
Tee;1
gezielt;1
Integration;1
Vanessa;1
bewertet;1
Ausbeute;1
Lord;1
aggressiv;1
xiaojie;1
Khoi;1
Nische;1
arbeit];1
world;1
Vierzigern;1
interested;1
entgleist;1
überliefert;1
Projekt;1
Besuch;1
sollen;1
eingeschlossen;1
Npr;1
Anfeindung;1
Immanuel;1
center;1
Mai;1
beim;1
Report;1
daraufhin;1
lebend;1
beteiligt;1
Bier;1
benennen;1
aapi;1
Hass;1
schlecht;1
Rbb;1
Your;1
Christ;1
Aufnahme;1
anfänglich;1
Sexobjekten;1
Index;1
drastisch;1
Neuzeit;1
Alternative;1
extras;1
Affenhaus;1
melden;1
ständig;1
gewalttätig;1
Audre;1
wachsend;1
Monat;1
reisend;1
Sehnsucht;1
fcaddedecdea;1
Essayistin;1
bedeuten;1
fliehen;1
civis;1
deb;1
Under;1
Gast;1
fügen;1
Studium;1
Gerede;1
Sache;1
Default;1
gewöhnlich;1
go;1
Parallele;1
Lyrikerin;1
befinden;1
Februar;1
ereignen;1
totenbleich;1
großzügig;1
Person;1
Griff;1
Teenager;1
Lehrplänen;1
bewegen;1
Werk;1
Demütigung;1
dating;1
erweitern;1
alle;1
Economics;1
Publikation;1
systematisch;1
All;1
beachtet;1
Datei;1
erreicht;1
zurückgehend;1
also;1
sexualisiert;1
Sean;1
Rettungsprogramm;1
entschlüsseln;1
attribut;1
Nsu;1
Handelsweg;1
richten;1
allerdings;1
fahren;1
sections;1
Anmache;1
Review;1
Spur;1
militarys;1
Stunde;1
Thailand;1
Krankenwagen;1
wegen;1
edu;1
Dynamik;1
institutionalisiert;1
Akt;1
Wirkung;1
Gedächtnis;1
Truppe;1
Don;1
tanzen;1
sunday;1
verkörpern;1
blockieren;1
Bt;1
prominent;1
Ehemann;1
niedergelassen;1
Demo;1
Weltregion;1
Campus;1
verblassen;1
ungewollt;1
Wende;1
Moderator;1
erotisch;1
Asiatinnen;1
Zweck;1
klischeebeladen;1
silent;1
Prostituiert;1
Alleinerziehend;1
erahnen;1
Zugang;1
sehr;1
fordern;1
Romnja;1
körpernah;1
ente_ohne_anzeige_in_publikationen;1
M;1
Randnotiz;1
Spas;1
unabhängig;1
Enkelkindern;1
​reuters;1
kontinuierlich;1
möglicherweise;1
Sexindustrie;1
Krieg;1
Präsident;1
Asiat;1
Jeenah;1
Ehefrau;1
umso;1
Erholung;1
einigen;1
Edition;1
Katze;1
content;1
kurz;1
Konsequenz;1
Leiden;1
interessiert;1
homosexuell;1
Kommentar;1
Polizei;1
Arbeitslager;1
beleidigen;1
Nachfrage;1
Geschlechtskrankheit;1
Alltagsrassismu;1
prägen;1
Vorstellung;1
podigee;1
but;1
signalisieren;1
Eu;1
Region;1
beschäftigen;1
codeswitch;1
Trump;1
vorher;1
lehnen;1
Förderwettbewerb;1
folgen;1
sterben;1
kalt;1
Blob;1
Erwachsenwerden;1
Pdf;1
killed;1
wenigen;1
Stimmung;1
rechtskräftig;1
allenfalls;1
Unternehmen;1
wiedervereinigt;1
errichtet;1
titeln;1
Vergessenheit;1
Co;1
Carl;1
Schmuckstraße;1
unbegrenzt;1
Not;1
abgebrüht;1
Schweigen;1
kein;1
Protestgruppe;1
Momentum;1
nguyễn;1
Edward;1
Anerkennung;1
beklagt;1
bezahlen;1
Marine;1
singulär;1
Moon;1
grant;1
leicht;1
Alltagsrassismus;1
verbunden;1
demonstrierend;1
übersehen;1
germany;1
women];1
Beleidigung;1
asian%hate%%;1
beansprucht;1
National;1
war;1
Abendland;1
Historiker;1
abenteuerlich;1
Masseurin;1
Wahrheitsgehalt;1
barbarisch;1
Nation;1
Wahnsinn;1
Beziehung;1
văn;1
manchmal;1
Vorgänger;1
überschneiden;1
gehören;1
Aktionsgruppe;1
wirtschaftlich;1
Rotlichtviertel;1
Versuchung;1
kennen;1
eliminieren;1
zusammengebissen;1
Sohn;1
Gerichtssaal;1
Mediumenpreis;1
jeweils;1
mehrere;1
absetzen;1
Hasskriminalität;1
team;1
Flottenstützpunkt;1
chriselletweets;1
_infopapier_zu_coronakrise;1
inihalskestrasse;1
Gestapo;1
Universalität;1
Arbeitskraft;1
wirken;1
verstärkt;1
Dutzend;1
Übergriffigkeit;1
unzivilisiert;1
helllicht;1
Widerhall;1
uk;1
schmälern;1
Discomusik;1
postkolonial;1
welchen;1
statistisch;1
Apps;1
beenden;1
nächster;1
immerhin;1
Sexualität;1
stationiert;1
Porzellan;1
sueddeutsch;1
damalig;1
Dating;1
verbieten;1
Uhr;1
diskriminierung];1
hashtags;1
beliebt;1
erfahren;1
Momentaufnahme;1
vernetzt;1
Aapi;1
Dienstleistung;1
erzählen;1
Organisator;1
vier;1
Vollkommenheit;1
entfernt;1
Time;1
Seite;1
Nacht;1
Bmfsfj;1
aufbereiten;1
benehmen;1
Cnn;1
unser;1
Erzählung;1
Osten;1
beharren;1
Familie;1
erschießen;1
zudem;1
erzählt;1
loving;1
Vorwurf;1
Aufzählung;1
